[
    {
        "tag": "IPv4_out",
        "protocol": "freedom"
    },
    {
        "tag": "IPv6_out",
        "protocol": "freedom",
        "settings": {
            "domainStrategy": "UseIPv6"
        }
    },
    {
        "protocol": "blackhole",
        "tag": "block"
    },
    {
        "protocol": "shadowsocks",
        "tag": "fallback",
        "settings": {
            "servers": [
              {
                "address": "103.170.121.151",
                "port": 19987,
                "method": "aes-128-gcm",
                "password": "Wr6t6J7Xpf",
                "level": 0
              }
            ]
        }
    }

]
